district,ADM0_CODE_mean,ADM0_NAME_mean,ADM1_CODE_mean,ADM1_NAME_mean,ADM2_CODE_mean,ADM2_NAME_mean,DISP_AREA_mean,EXP2_YEAR_mean,STATUS_mean,STR2_YEAR_mean,Shape_Area_mean,Shape_Leng_mean,dewpoint_temperature_2m,soil_temperature_level_1,surface_solar_radiation_downwards_sum,temperature_2m,temperature_2m_max,temperature_2m_min,total_precipitation_sum,volumetric_soil_water_layer_1,volumetric_soil_water_layer_3,ADM0_CODE_std,ADM0_NAME_std,ADM1_CODE_std,ADM1_NAME_std,ADM2_CODE_std,ADM2_NAME_std,DISP_AREA_std,EXP2_YEAR_std,STATUS_std,STR2_YEAR_std,Shape_Area_std,Shape_Leng_std,dewpoint_temperature_2m_stdDev,soil_temperature_level_1_stdDev,surface_solar_radiation_downwards_sum_stdDev,temperature_2m_max_stdDev,temperature_2m_min_stdDev,temperature_2m_stdDev,total_precipitation_sum_stdDev,volumetric_soil_water_layer_1_stdDev,volumetric_soil_water_layer_3_stdDev,ADM0_CODE_x,ADM0_NAME_x,ADM1_CODE_x,ADM1_NAME_x,ADM2_CODE_x,ADM2_NAME_x,DISP_AREA_x,EXP2_YEAR_x,STATUS_x,STR2_YEAR_x,Shape_Area_x,Shape_Leng_x,dewpoint_temperature_2m_trend,soil_temperature_level_1_trend,surface_solar_radiation_downwards_sum_trend,temperature_2m_max_trend,temperature_2m_min_trend,temperature_2m_trend,total_precipitation_sum_trend,volumetric_soil_water_layer_1_trend,volumetric_soil_water_layer_3_trend,ADM0_CODE_y,ADM0_NAME_y,ADM1_CODE_y,ADM1_NAME_y,ADM2_CODE_y,ADM2_NAME_y,DISP_AREA_y,EXP2_YEAR_y,STATUS_y,STR2_YEAR_y,Shape_Area_y,Shape_Leng_y,total_precipitation_sum_p10,total_precipitation_sum_p25,total_precipitation_sum_p50,total_precipitation_sum_p75,total_precipitation_sum_p90,volumetric_soil_water_layer_1_p10,volumetric_soil_water_layer_1_p25,volumetric_soil_water_layer_1_p50,volumetric_soil_water_layer_1_p75,volumetric_soil_water_layer_1_p90
Barisal,23,Bangladesh,575,Barisal,5762,Barisal,NO,3000,Member State,1000,0.223313320121,3.7939222516,294.37124825786066,299.80752168518717,15388635.06683525,298.64324538788657,302.666120255478,295.1613897872579,0.0054792956302736435,0.27676116171203247,0.29434037365043986,23,Bangladesh,575,Barisal,5762,Barisal,NO,3000,Member State,1000,0.223313320121,3.7939222516,4.87170266263074,3.5082957205347984,4267754.436535947,3.1460497167887698,4.626336312880984,3.5465194840803345,0.010491419751463211,0.11475765354850896,0.08662063450561772,23,Bangladesh,575,Barisal,5762,Barisal,NO,3000,Member State,1000,0.223313320121,3.7939222516,12.306138636383,11.377130895951295,4.568958859535463e-06,8.746733840079107,14.167155559163474,15.388918591165885,-2899.2093474204976,-200.00871121932985,-267.94328252401874,23,Bangladesh,575,Barisal,5762,Barisal,NO,3000,Member State,1000,0.223313320121,3.7939222516,0.00012038520014298058,0.00012038520014298058,0.00012038520014298058,0.0072671153541470235,0.016059386306710603,0.12450209038169932,0.14703971836348353,0.2984533281252953,0.39339563782437714,0.40838391098192717
Bhola,23,Bangladesh,575,Barisal,5763,Bhola,NO,3000,Member State,1000,0.199463692697,6.06889059421,294.9305337500438,300.18542561921004,10046112.093389202,298.86734478130245,301.87382692304186,296.1734766663478,0.005988498219469085,0.24604502190854324,0.268700277385651,23,Bangladesh,575,Barisal,5763,Bhola,NO,3000,Member State,1000,0.199463692697,6.06889059421,4.433347815358568,3.2367906969276006,2806107.0654014624,2.7795895914847115,4.082600580235847,3.2094375199479273,0.011237015109310453,0.1151259828059894,0.08325284752839311,23,Bangladesh,575,Barisal,5763,Bhola,NO,3000,Member State,1000,0.199463692697,6.06889059421,10.308969699315272,14.417061471705278,6.026679101031429e-06,12.099800023598137,17.294789477182345,18.384843515343142,-2684.9283252971477,-312.9577969670238,-301.8291934075977,23,Bangladesh,575,Barisal,5763,Bhola,NO,3000,Member State,1000,0.199463692697,6.06889059421,0.00010257516494378667,0.00010257516494378667,0.00010257516494378667,0.008164944357297475,0.017528389927857085,0.100460836850691,0.11886241444676413,0.25800936857838547,0.36375073100562566,0.382713644326616
Jhalokati,23,Bangladesh,575,Barisal,5764,Jhalokati,NO,3000,Member State,1000,0.0651996257782,2.06501551499,294.34019505645267,299.80426439320183,16575947.109755645,298.6320285478696,302.80193294428096,295.06504742542535,0.005454986170873964,0.28590776555073977,0.3008856140953879,23,Bangladesh,575,Barisal,5764,Jhalokati,NO,3000,Member State,1000,0.0651996257782,2.06501551499,4.959762507661838,3.5809332248181054,4603850.323324179,3.1397981389827114,4.774132255233734,3.6028938918262416,0.010589043824227522,0.11394453980804962,0.0889844516466841,23,Bangladesh,575,Barisal,5764,Jhalokati,NO,3000,Member State,1000,0.0651996257782,2.06501551499,12.249677399968492,11.077964461075869,4.759096098155171e-06,8.99708353583954,12.971206341199693,13.367825148959227,-2498.7598044673505,-182.53739837894216,-270.13867259338167,23,Bangladesh,575,Barisal,5764,Jhalokati,NO,3000,Member State,1000,0.0651996257782,2.06501551499,0.0001113914733385639,0.0001113914733385639,0.0001113914733385639,0.007313548227854664,0.015924556086161994,0.13614796377832564,0.15754382446292287,0.303358409081536,0.4032292901160329,0.4172463788428128
Patuakhali,23,Bangladesh,575,Barisal,5765,Patuakhali,NO,3000,Member State,1000,0.220319292902,9.86719488708,294.7262910325659,300.20005183501786,15846344.590936039,298.83887327125336,302.27025603014476,295.82929173750216,0.005781213100666818,0.29333777827291757,0.3293115195717158,23,Bangladesh,575,Barisal,5765,Patuakhali,NO,3000,Member State,1000,0.220319292902,9.86719488708,4.699872052558927,3.3416736627992707,4406048.397290829,2.804941604380678,4.407488705131271,3.344776988336731,0.010929039143689107,0.11060419848042374,0.07525623865065519,23,Bangladesh,575,Barisal,5765,Patuakhali,NO,3000,Member State,1000,0.220319292902,9.86719488708,10.45863211896158,13.646550709997298,5.409956599775581e-06,13.682017278174309,11.843742021476514,15.937079064082365,-2510.7873849619778,-286.44980462503275,-358.00746554757285,23,Bangladesh,575,Barisal,5765,Patuakhali,NO,3000,Member State,1000,0.220319292902,9.86719488708,0.0001369746332673832,0.0001369746332673832,0.0001369746332673832,0.007801087852338511,0.016995142080651005,0.15023478014538746,0.16977743350527905,0.3101553826493157,0.40650635003099084,0.4208630568820038
Pirojpur,23,Bangladesh,575,Barisal,5766,Pirojpur,NO,3000,Member State,1000,0.110209856447,3.03251098906,294.3295927440066,299.8974367499957,16549138.510428743,298.64056029744523,302.894816895506,294.9971502311223,0.005408757494873575,0.2834712620372648,0.30250690373257,23,Bangladesh,575,Barisal,5766,Pirojpur,NO,3000,Member State,1000,0.110209856447,3.03251098906,5.043980120837108,3.606504544635209,4610627.911760955,3.1725877400974354,4.86289138068021,3.6418724436409775,0.010321235240453214,0.11236384446682655,0.08503099956866152,23,Bangladesh,575,Barisal,5766,Pirojpur,NO,3000,Member State,1000,0.110209856447,3.03251098906,12.89743074821381,10.035226685267054,4.479817763810526e-06,8.233631475337809,13.902262643931895,11.108319361422867,-2573.641186199331,-162.20067079672043,-275.1865651117752,23,Bangladesh,575,Barisal,5766,Pirojpur,NO,3000,Member State,1000,0.110209856447,3.03251098906,0.00012901184531522827,0.00012901184531522827,0.00012901184531522827,0.0073027394107298815,0.015949916302636095,0.1373530703583833,0.15691676650695321,0.3005829265480738,0.39821359101199266,0.4138315649707642
Bandarban,23,Bangladesh,576,Chittagong,5767,Bandarban,NO,3000,Member State,1000,0.403543776357,5.41781730892,292.9723881015251,297.4417879424903,16861239.401368886,297.1541271839906,302.1546000453737,293.2939985209777,0.00600887334622706,0.3029167048685742,0.3279456467911714,23,Bangladesh,576,Chittagong,5767,Bandarban,NO,3000,Member State,1000,0.403543776357,5.41781730892,4.693555329796453,2.9434569213558466,5328402.474333781,3.179987447375913,4.142911673302692,2.9924591966029643,0.011869504292889889,0.11093723915844499,0.0791559860065664,23,Bangladesh,576,Chittagong,5767,Bandarban,NO,3000,Member State,1000,0.403543776357,5.41781730892,2.607349683903839,15.874885808948717,1.2551982468182452e-05,14.072466226241932,12.861163000999742,16.578718965079428,-2707.8622275663574,-512.3886016764332,-578.0747630922461,23,Bangladesh,576,Chittagong,5767,Bandarban,NO,3000,Member State,1000,0.403543776357,5.41781730892,0.000107011059710399,0.000107011059710399,0.0008729881383498689,0.007794578059495943,0.01644016263205799,0.1447141475304364,0.186529687905092,0.3306960821350838,0.41312696120870085,0.4228792999142964
Brahamanbaria,23,Bangladesh,576,Chittagong,5768,Brahamanbaria,NO,3000,Member State,1000,0.169796320032,3.48197144539,293.70747788746996,299.2962361312629,15839829.249414926,298.0779899440613,302.61555203168126,294.0906980779348,0.006079242687040565,0.30736992876194397,0.32235610116031865,23,Bangladesh,576,Chittagong,5768,Brahamanbaria,NO,3000,Member State,1000,0.169796320032,3.48197144539,4.957354404116486,3.471199932738679,4624938.518528248,3.0956685329886087,4.909704553166624,3.643191000618738,0.011335470420676765,0.10859444931705835,0.08310099425584017,23,Bangladesh,576,Chittagong,5768,Brahamanbaria,NO,3000,Member State,1000,0.169796320032,3.48197144539,12.182714452455341,13.376553857068222,5.262596982902049e-06,10.794433526268804,14.843867693208086,16.979490705206562,-2939.3101369129927,-183.47943177209115,-251.69402466321483,23,Bangladesh,576,Chittagong,5768,Brahamanbaria,NO,3000,Member State,1000,0.169796320032,3.48197144539,0.00011459853656132782,0.00011459853656132782,0.0014359442852295479,0.007814822072358295,0.017151605879668127,0.1501314432950767,0.18400718939284166,0.3533823751180949,0.4089987964638835,0.42151597980280964
Chandpur,23,Bangladesh,576,Chittagong,5769,Chandpur,NO,3000,Member State,1000,0.150434698613,2.49810999088,294.1951435587123,299.83229900738496,15588914.56623067,298.47707386190456,302.5202001255769,294.88606865477874,0.005595148928729836,0.28102656912946655,0.30186263253188517,23,Bangladesh,576,Chittagong,5769,Chandpur,NO,3000,Member State,1000,0.150434698613,2.49810999088,4.8814173300633,3.3431647205660338,4398394.334079991,3.0274335626106987,4.62559327299507,3.4996700101802922,0.010355036742118882,0.10864483971226306,0.08195796799062613,23,Bangladesh,576,Chittagong,5769,Chandpur,NO,3000,Member State,1000,0.150434698613,2.49810999088,11.928968028689022,12.401163180413025,5.736990772383084e-06,9.537633955507273,13.297528389623032,16.16422788384853,-3128.6568185221163,-214.16692083395455,-295.3973213173012,23,Bangladesh,576,Chittagong,5769,Chandpur,NO,3000,Member State,1000,0.150434698613,2.49810999088,0.00010818884451673351,0.00010818884451673351,0.0007636752310690891,0.007318760291799325,0.016279106983218952,0.133803028017259,0.15683191470143118,0.31140891430252526,0.388298029556731,0.4022067355185469
Chittagong,23,Bangladesh,576,Chittagong,5770,Chittagong,NO,3000,Member State,1000,0.38224744927,7.88430902733,294.2229128448775,299.02796033386664,15377626.17435769,298.12311446309195,301.8637616521959,294.9869541368847,0.0065851352815463424,0.29464486075870694,0.3180134879430179,23,Bangladesh,576,Chittagong,5770,Chittagong,NO,3000,Member State,1000,0.38224744927,7.88430902733,4.491065507268507,2.9937052720137682,4495169.683011921,2.6730923225875864,4.065372543325267,3.0582806265625497,0.013635424520560832,0.11636293986986652,0.0844865370225625,23,Bangladesh,576,Chittagong,5770,Chittagong,NO,3000,Member State,1000,0.38224744927,7.88430902733,5.515703920701086,17.08135152485349,1.1423862442575772e-05,17.131288307026743,13.52849406171715,19.083475366423595,-3917.3985039861304,-436.51697773550075,-419.81250269364557,23,Bangladesh,576,Chittagong,5770,Chittagong,NO,3000,Member State,1000,0.38224744927,7.88430902733,0.00021098713054917376,0.00021098713054917376,0.00026726357170723104,0.007681289962000619,0.01836637285855268,0.13463429515299316,0.16689301487375233,0.3227509582334391,0.41101649498783915,0.4250009685550903
Comilla,23,Bangladesh,576,Chittagong,5771,Comilla,NO,3000,Member State,1000,0.27048790721,3.71453354997,293.7645212578891,299.44293668308177,16147961.148382638,298.1653325769549,302.64850508037324,294.1703328088417,0.005754496435496448,0.30238772969757,0.31663036012724227,23,Bangladesh,576,Chittagong,5771,Comilla,NO,3000,Member State,1000,0.27048790721,3.71453354997,5.090872554622154,3.3553769845929065,4643548.224307505,3.000346087426297,4.954257364363944,3.582107101390523,0.0107247258374662,0.11034552889055765,0.08502957917453124,23,Bangladesh,576,Chittagong,5771,Comilla,NO,3000,Member State,1000,0.27048790721,3.71453354997,11.38922299711513,12.688825615204431,6.586758928647005e-06,10.728310954165078,12.823365343992327,15.49844771421675,-3143.412412984352,-229.09696189996197,-280.0356491896723,23,Bangladesh,576,Chittagong,5771,Comilla,NO,3000,Member State,1000,0.27048790721,3.71453354997,0.00011305475723512582,0.00011305475723512582,0.0014097170926633145,0.007508617957036739,0.01630950801423005,0.1493716589929946,0.17578507844165453,0.3398729087374957,0.40920625006076267,0.42296802447181847
Cox's Bazar,23,Bangladesh,576,Chittagong,5772,Cox's Bazar,NO,3000,Member State,1000,0.178075461247,9.36822330552,294.41413703516383,299.2264266337403,14878346.89303157,298.2971535519214,301.57568620848156,295.5208839371125,0.007082153648030145,0.27011678950676926,0.29869049101353423,23,Bangladesh,576,Chittagong,5772,Cox's Bazar,NO,3000,Member State,1000,0.178075461247,9.36822330552,4.231776346673826,2.7203775855361423,4616520.328935923,2.533737772534664,3.5082014457193647,2.70220125673422,0.014599798297897903,0.12361732516389556,0.08854149319967919,23,Bangladesh,576,Chittagong,5772,Cox's Bazar,NO,3000,Member State,1000,0.178075461247,9.36822330552,8.446332597652768,17.447150459114113,1.4404664544544217e-05,19.095581245048596,15.13731850210412,19.59393369962986,-3389.6593307905036,-542.7178543591809,-544.1194904754743,23,Bangladesh,576,Chittagong,5772,Cox's Bazar,NO,3000,Member State,1000,0.178075461247,9.36822330552,0.0001434084661448318,0.0001434084661448318,0.0001434084661448318,0.008057353629209485,0.020575613425538822,0.11365251487593431,0.13248117934644382,0.2860171349570247,0.3979334252759473,0.4152098033953625
Feni,23,Bangladesh,576,Chittagong,5773,Feni,NO,3000,Member State,1000,0.0775341716336,2.43218188702,293.85566847369864,299.2937323757313,16390142.089687357,298.1008662146962,302.43186074875524,294.30353582142476,0.006300746738155604,0.32889349222997877,0.3453164080445781,23,Bangladesh,576,Chittagong,5773,Feni,NO,3000,Member State,1000,0.0775341716336,2.43218188702,5.149840137773046,3.191904598968869,4774101.340547312,2.78680850685805,4.838922602142056,3.390791206243751,0.011823311603971348,0.10544307461764892,0.08074600120493577,23,Bangladesh,576,Chittagong,5773,Feni,NO,3000,Member State,1000,0.0775341716336,2.43218188702,7.288740948861822,15.200767822151377,9.868363815340428e-06,15.471730601056564,14.57563752596497,19.03590546904169,-3207.6492982150144,-365.48783892676676,-390.281222708803,23,Bangladesh,576,Chittagong,5773,Feni,NO,3000,Member State,1000,0.0775341716336,2.43218188702,0.00020785583543978057,0.00020785583543978057,0.0006878045375581454,0.008172736738897984,0.01806144288961408,0.18159897646195017,0.20809189746089451,0.3632159159426418,0.4302857153054564,0.4444738996386366
Khagrachhari,23,Bangladesh,576,Chittagong,5774,Khagrachhari,NO,3000,Member State,1000,0.250848466186,3.12158439605,293.6302357029946,297.9771621830625,16362064.202641822,297.4964987647483,302.13914135644967,293.8192450884157,0.005813683836869769,0.32986202605025405,0.34942054706252385,23,Bangladesh,576,Chittagong,5774,Khagrachhari,NO,3000,Member State,1000,0.250848466186,3.12158439605,4.722030250348578,3.090052317899861,4808848.472636027,3.0126179076520883,4.38049660835502,3.2783394873580574,0.011281894684132451,0.0971693287986566,0.06903253785686601,23,Bangladesh,576,Chittagong,5774,Khagrachhari,NO,3000,Member State,1000,0.250848466186,3.12158439605,4.3747341747552415,17.4744361342191,8.793925297904963e-06,15.663136709366748,14.933098059350705,18.545807731374826,-4388.160190525221,-387.8799821000809,-401.32948559554757,23,Bangladesh,576,Chittagong,5774,Khagrachhari,NO,3000,Member State,1000,0.250848466186,3.12158439605,0.0001386226291239735,0.0001386226291239735,0.0012332453606890732,0.007638805458593434,0.015761895587859776,0.17993183174017935,0.23548648675767403,0.36701138899051394,0.41903716039998357,0.43012559617813584
Lakshmipur,23,Bangladesh,576,Chittagong,5775,Lakshmipur,NO,3000,Member State,1000,0.126944579918,2.59821719618,294.35140259965016,299.62501972946114,11729134.406363066,298.49943569957895,302.33149090578365,295.05328573267724,0.005832713599944681,0.27338827784164665,0.2873912117003442,23,Bangladesh,576,Chittagong,5775,Lakshmipur,NO,3000,Member State,1000,0.126944579918,2.59821719618,4.87636870049332,3.278192283473189,3300710.2565788776,2.862589811985347,4.627946944652689,3.4084629205443138,0.010666096436359289,0.11472658690265972,0.08917033368804919,23,Bangladesh,576,Chittagong,5775,Lakshmipur,NO,3000,Member State,1000,0.126944579918,2.59821719618,9.651798598054656,13.914196654296532,7.251483492762018e-06,13.164811789871424,12.660470565875894,16.732556480510468,-3175.0832672640886,-286.62656048518454,-315.25536796142035,23,Bangladesh,576,Chittagong,5775,Lakshmipur,NO,3000,Member State,1000,0.126944579918,2.59821719618,0.00010715896231640064,0.00010715896231640064,0.0008536229781488227,0.007769774429795517,0.01706117879574759,0.1233187351573839,0.14280315296894705,0.2970582085461296,0.38886913242659565,0.4052976917696292
Noakhali,23,Bangladesh,576,Chittagong,5776,Noakhali,NO,3000,Member State,1000,0.213210903955,8.42808575719,294.1843670649922,299.81984888540507,14548911.75439626,298.4015549836225,302.2153683174346,294.915666718799,0.006469080515802562,0.2569621039991099,0.2776585492064543,23,Bangladesh,576,Chittagong,5776,Noakhali,NO,3000,Member State,1000,0.213210903955,8.42808575719,5.021555198096573,3.1749762336567966,4136086.0965208495,2.7033791300313466,4.746209593137226,3.3566340197374016,0.011777421814725674,0.1189820678748441,0.08741427320895684,23,Bangladesh,576,Chittagong,5776,Noakhali,NO,3000,Member State,1000,0.213210903955,8.42808575719,7.366606761538073,15.05363437248913,8.978034940403216e-06,15.41234072052706,11.286600550024007,17.5912097787487,-3433.6577512449853,-351.9616952283094,-367.8822951111236,23,Bangladesh,576,Chittagong,5776,Noakhali,NO,3000,Member State,1000,0.213210903955,8.42808575719,0.00011710972610191582,0.00011710972610191582,0.00109670942267731,0.008705421224713962,0.01899673184912153,0.10474932213922422,0.12046117090698609,0.2791051417770025,0.3766898449198382,0.3953528486609815
Rangamati,23,Bangladesh,576,Chittagong,5777,Rangamati,NO,3000,Member State,1000,0.502489095486,5.76275279965,293.2331365201103,297.55191462770216,16711645.647252547,297.2607617126679,302.16717741225585,293.2813574700537,0.00536913833604707,0.30048682564269213,0.3222876235001662,23,Bangladesh,576,Chittagong,5777,Rangamati,NO,3000,Member State,1000,0.502489095486,5.76275279965,4.603179593362813,3.226461513844083,4909639.189221896,3.186120437144461,4.500469259792364,3.283936141761411,0.011063705336102203,0.10069991136413596,0.0710537751359664,23,Bangladesh,576,Chittagong,5777,Rangamati,NO,3000,Member State,1000,0.502489095486,5.76275279965,5.128573040928795,16.010794129638853,8.76447473613162e-06,14.683551412006265,14.288879892743912,16.79343580155013,-4527.444050099307,-421.63481031096103,-421.82121970635865,23,Bangladesh,576,Chittagong,5777,Rangamati,NO,3000,Member State,1000,0.502489095486,5.76275279965,0.00013865091842465407,0.00013865091842465407,0.0007208043365685693,0.006818079195969143,0.014288530026292816,0.14970778653991607,0.2013459193349813,0.33096090191710315,0.3958600943271719,0.4080386286106519
Dhaka,23,Bangladesh,577,Dhaka,5778,Dhaka,NO,3000,Member State,1000,0.130020260596,3.22574930953,293.8927521803988,299.81860828734574,16339651.325285915,298.42156381640393,302.6789110820028,294.66303930471867,0.005496770367175711,0.3110161655824377,0.3286531240088653,23,Bangladesh,577,Dhaka,5778,Dhaka,NO,3000,Member State,1000,0.130020260596,3.22574930953,5.081084914725806,3.5368882608758616,4597805.161263564,3.2750587845659656,4.795193908011855,3.724281340314457,0.010249370322267875,0.09734347790184232,0.07601921534922644,23,Bangladesh,577,Dhaka,5778,Dhaka,NO,3000,Member State,1000,0.130020260596,3.22574930953,13.413146039363863,13.476770312026469,3.000098828331702e-06,7.104076394935501,16.290389723153282,15.676285553946894,-3205.4045545541117,-102.71590079735198,96.4810640372507,23,Bangladesh,577,Dhaka,5778,Dhaka,NO,3000,Member State,1000,0.130020260596,3.22574930953,0.00010766194638918665,0.00010766194638918665,0.0005522392159644067,0.007167492149073915,0.016160074606589664,0.17589455584918215,0.20027698211349473,0.3421089013929626,0.4056688332826457,0.41855871709289555
Faridpur,23,Bangladesh,577,Dhaka,5779,Faridpur,NO,3000,Member State,1000,0.179759579714,3.35096007564,293.96222854165535,299.92903083141897,16561681.90258499,298.5988552150126,302.8797471207465,294.87521129705976,0.005211725207624086,0.27515965380841234,0.2918969189215663,23,Bangladesh,577,Dhaka,5779,Faridpur,NO,3000,Member State,1000,0.179759579714,3.35096007564,5.09559650170019,3.688893711640385,4591995.462498528,3.4532000533408995,4.736533002262079,3.764261031354325,0.00998311981816632,0.09852279505005918,0.07673858312626777,23,Bangladesh,577,Dhaka,5779,Faridpur,NO,3000,Member State,1000,0.179759579714,3.35096007564,13.942355858934699,11.097333060823042,3.4305539531258928e-06,6.146795774860739,15.869426557915034,14.407423154956263,-2799.5851242572953,-68.96840792353234,-2.605213372700196,23,Bangladesh,577,Dhaka,5779,Faridpur,NO,3000,Member State,1000,0.179759579714,3.35096007564,0.00011026511844249904,0.00011026511844249904,0.00011026511844249904,0.006384547995046698,0.015345185617794561,0.14057898323641463,0.16536703318461252,0.29718063262366107,0.37283792992007475,0.38858315034117297
Gazipur,23,Bangladesh,577,Dhaka,5780,Gazipur,NO,3000,Member State,1000,0.156614079965,2.45606610135,293.48872605480267,299.42335307988884,15981704.050986497,298.0854785535454,302.72633673892204,293.9703649013929,0.006068796720909844,0.38463789632502554,0.40526233917319454,23,Bangladesh,577,Dhaka,5780,Gazipur,NO,3000,Member State,1000,0.156614079965,2.45606610135,5.296536587016151,3.398911626691743,4629716.022964387,3.1937731365724877,5.012395577982433,3.7518612975603,0.011161329986632098,0.09226231891499369,0.07080021167612495,23,Bangladesh,577,Dhaka,5780,Gazipur,NO,3000,Member State,1000,0.156614079965,2.45606610135,14.162848372911252,13.463857672110624,3.0408604268460756e-06,7.046183492947519,15.262978571371677,15.311534848555379,-3029.5901131587607,-154.81038245294025,-16.63005740583604,23,Bangladesh,577,Dhaka,5780,Gazipur,NO,3000,Member State,1000,0.156614079965,2.45606610135,0.00010854858583358952,0.00010854858583358952,0.0014306606579342082,0.007895354893643843,0.017736713754470033,0.25160856573124113,0.27912934248121196,0.4252619104880061,0.4693578783828849,0.48129442638582026
Gopalganj,23,Bangladesh,577,Dhaka,5781,Gopalganj,NO,3000,Member State,1000,0.12934066338,2.82087445543,293.8892923115791,299.90430029749336,16556910.408966955,298.5294773345759,303.1329164847542,294.5257848023618,0.005313515233837204,0.2898196557511214,0.2992594903213462,23,Bangladesh,577,Dhaka,5781,Gopalganj,NO,3000,Member State,1000,0.12934066338,2.82087445543,5.200730754377372,3.6216985119881406,4580504.747745144,3.3402064030130267,4.986920422725811,3.7833945145976715,0.010221217548399891,0.10884310737919371,0.08713228770319309,23,Bangladesh,577,Dhaka,5781,Gopalganj,NO,3000,Member State,1000,0.12934066338,2.82087445543,13.631824392694742,10.582555421388232,4.016880735893226e-06,7.254002989036543,13.96337697725369,12.630890668196873,-4175.343511016346,-153.30914450562247,-246.82855733761696,23,Bangladesh,577,Dhaka,5781,Gopalganj,NO,3000,Member State,1000,0.12934066338,2.82087445543,0.00012998691662526916,0.00012998691662526916,0.00012998691662526916,0.006981325147709167,0.0156804464052139,0.14393305684381355,0.1684070505673707,0.31101484390910356,0.39990431505507507,0.4150300227502823
Jamalpur,23,Bangladesh,577,Dhaka,5782,Jamalpur,NO,3000,Member State,1000,0.183377047318,3.5941660031,293.3814956630105,298.99108601208184,15722981.112037057,297.75892164075753,302.27345565274663,293.8045052603134,0.006309731787417282,0.2855910838389665,0.3067864894456972,23,Bangladesh,577,Dhaka,5782,Jamalpur,NO,3000,Member State,1000,0.183377047318,3.5941660031,5.197547816358021,3.5114183299749024,4738456.801467374,3.395455691408077,4.806839170362089,3.742225783013302,0.011650783298615242,0.1146576925086863,0.08223004219145734,23,Bangladesh,577,Dhaka,5782,Jamalpur,NO,3000,Member State,1000,0.183377047318,3.5941660031,16.532809741047657,11.68300805449307,1.1943399961341156e-06,2.5928394925057003,17.15289173982938,12.289557059347267,-1421.5083861894764,-80.78722268937629,228.31246608291372,23,Bangladesh,577,Dhaka,5782,Jamalpur,NO,3000,Member State,1000,0.183377047318,3.5941660031,0.00011010767079293309,0.00011010767079293309,0.0009904965141431406,0.007933447537665084,0.018599375997229106,0.12947326406366935,0.15350131786505014,0.3236685476792824,0.3970014929396229,0.4123334753149333
Kishoreganj,23,Bangladesh,577,Dhaka,5783,Kishoreganj,NO,3000,Member State,1000,0.227700104063,3.45902551298,293.61543502692797,299.2629125817399,15429743.580989841,297.89588008248126,302.4837239012864,293.9504022374292,0.006975236041301437,0.3093122751315988,0.3217241131480195,23,Bangladesh,577,Dhaka,5783,Kishoreganj,NO,3000,Member State,1000,0.227700104063,3.45902551298,4.975695569636454,3.4418971418627446,4754549.083067291,3.1301019384716615,4.852350347964845,3.6631393614514542,0.01261505453965678,0.10884507786871334,0.08422729963939886,23,Bangladesh,577,Dhaka,5783,Kishoreganj,NO,3000,Member State,1000,0.227700104063,3.45902551298,13.48965235765258,15.819949771981054,4.115816014750966e-06,9.332283610915066,15.547035027749663,17.58742479835703,-2536.308938573998,-191.59065937724284,-144.18821827344587,23,Bangladesh,577,Dhaka,5783,Kishoreganj,NO,3000,Member State,1000,0.227700104063,3.45902551298,0.00010964341054466918,0.00010964341054466918,0.0014607368062052363,0.009147504998715222,0.019368813340948574,0.14912992030074046,0.1862528976298113,0.3593830127077138,0.41015575255004966,0.4205003362382754
Madaripur,23,Bangladesh,577,Dhaka,5784,Madaripur,NO,3000,Member State,1000,0.101458060051,2.62827320526,294.09554587900567,299.89005752401056,16558163.155425787,298.5760545111284,302.8100298800531,294.89421310301367,0.005345330008194147,0.28391929902017343,0.30107908104558084,23,Bangladesh,577,Dhaka,5784,Madaripur,NO,3000,Member State,1000,0.101458060051,2.62827320526,4.968659235408007,3.5651820488584303,4580409.415496599,3.294292979185928,4.700497142522951,3.6622563967509936,0.010241365847807188,0.10341093146951034,0.0810439096144519,23,Bangladesh,577,Dhaka,5784,Madaripur,NO,3000,Member State,1000,0.101458060051,2.62827320526,13.656555861306934,12.011371117318808,4.154331271993593e-06,7.247934693449608,14.885721500802957,14.059980853568137,-3536.481294561528,-167.21749257171308,-231.18024050906794,23,Bangladesh,577,Dhaka,5784,Madaripur,NO,3000,Member State,1000,0.101458060051,2.62827320526,0.0001113468905349373,0.0001113468905349373,0.0001113468905349373,0.007142409205491745,0.015725639377779176,0.14347040761233595,0.16779664009529768,0.3076163212872776,0.3872350416550858,0.40180549963498785
Manikganj,23,Bangladesh,577,Dhaka,5785,Manikganj,NO,3000,Member State,1000,0.123623159256,2.50247885886,294.0150407359506,299.9362208112011,16391142.537330817,298.54806556449165,302.6446373011309,294.93547650975523,0.0053041859784899,0.2757153381914967,0.29766617841691956,23,Bangladesh,577,Dhaka,5785,Manikganj,NO,3000,Member State,1000,0.123623159256,2.50247885886,5.021961650817847,3.675264549160606,4603649.340245819,3.43439496811541,4.67947181890688,3.7600805804602877,0.010079275869601584,0.09489049368793245,0.07076787392332877,23,Bangladesh,577,Dhaka,5785,Manikganj,NO,3000,Member State,1000,0.123623159256,2.50247885886,14.147055891893924,12.596213014173474,3.0261553471821365e-06,5.328212330450341,16.92435389091663,14.480323339646032,-2581.5533094807033,-112.45429672900944,211.9706976605822,23,Bangladesh,577,Dhaka,5785,Manikganj,NO,3000,Member State,1000,0.123623159256,2.50247885886,0.00010666719949754041,0.00010666719949754041,0.00010666719949754041,0.006787277774734339,0.015772507117292518,0.1458463279955755,0.1676132775083642,0.30213914249151314,0.36837055640156313,0.38281958988131715
Munshiganj,23,Bangladesh,577,Dhaka,5786,Munshiganj,NO,3000,Member State,1000,0.0836575491936,1.88170575562,294.3307652352669,300.0481069986802,16394944.232893467,298.5836348558019,302.46697722994116,295.18810080264245,0.005437094998395508,0.2741920658933439,0.3072497306919331,23,Bangladesh,577,Dhaka,5786,Munshiganj,NO,3000,Member State,1000,0.0836575491936,1.88170575562,4.802122984657185,3.4903023899307404,4599654.438971671,3.215610151917737,4.512657414326488,3.585311071650967,0.01004414904735071,0.10342539718224318,0.07253024942126127,23,Bangladesh,577,Dhaka,5786,Munshiganj,NO,3000,Member State,1000,0.0836575491936,1.88170575562,13.75580901442373,14.183343884122298,4.0207835530815935e-06,8.581209701214881,16.850105741881727,16.08445439599968,-3420.378942424778,-118.70826379554669,-82.75582176905893,23,Bangladesh,577,Dhaka,5786,Munshiganj,NO,3000,Member State,1000,0.0836575491936,1.88170575562,0.00010603065769191784,0.00010603065769191784,0.00034870901879385666,0.007317576489167811,0.016038441939426062,0.13176514768371386,0.1564581361691547,0.30521058982032256,0.37555195794866814,0.3893270405705278
Mymensingh,23,Bangladesh,577,Dhaka,5787,Mymensingh,NO,3000,Member State,1000,0.386075142017,5.22642310918,293.30173664019895,298.86880004007196,15465998.544080548,297.62663034117384,302.3674523481222,293.48647365436136,0.007180216114794337,0.32812911145969326,0.34232358571313565,23,Bangladesh,577,Dhaka,5787,Mymensingh,NO,3000,Member State,1000,0.386075142017,5.22642310918,5.253955934570639,3.361709655601114,4754663.861650119,3.187341701747527,4.980782611790195,3.690439945784508,0.012688371254708685,0.10569759013346453,0.08143662153609987,23,Bangladesh,577,Dhaka,5787,Mymensingh,NO,3000,Member State,1000,0.386075142017,5.22642310918,16.05107601550055,14.901836906868692,3.0374481125144446e-06,7.529743061294535,16.005668577918115,15.633954117306201,-1810.188701401121,-164.14444556020962,51.3335676231144,23,Bangladesh,577,Dhaka,5787,Mymensingh,NO,3000,Member State,1000,0.386075142017,5.22642310918,0.00010429480091067733,0.00010429480091067733,0.0014433012140790708,0.009560982398510302,0.020668356026752405,0.17619955742326765,0.2068195948431259,0.37373385231760814,0.4276404139410261,0.4381757269556117
Narayanganj,23,Bangladesh,577,Dhaka,5788,Narayanganj,NO,3000,Member State,1000,0.0671546110353,1.90177516055,293.98938030926706,299.67048218627855,16199475.28211771,298.37530620853875,302.67695734683235,294.5932431566729,0.005674877572186559,0.32304118486966665,0.33981621146731344,23,Bangladesh,577,Dhaka,5788,Narayanganj,NO,3000,Member State,1000,0.0671546110353,1.90177516055,5.016756381911501,3.4389157732509505,4589945.020513283,3.133653564494987,4.812687053215739,3.6597314898109063,0.010461015289816985,0.10458191369874575,0.07945496580330154,23,Bangladesh,577,Dhaka,5788,Narayanganj,NO,3000,Member State,1000,0.0671546110353,1.90177516055,13.490998632811548,14.081993918849127,4.0085316667282104e-06,8.940426073027474,15.17722241652385,15.805133936296265,-3270.1949634177618,-125.55137469085803,-38.49978182159009,23,Bangladesh,577,Dhaka,5788,Narayanganj,NO,3000,Member State,1000,0.0671546110353,1.90177516055,0.00011167749395038174,0.00011167749395038174,0.0013869383441700788,0.007314278326502336,0.016423830417636634,0.17495161932701508,0.2047811114641031,0.36199728837165357,0.4228881184736026,0.4359553640125323
Narsingdi,23,Bangladesh,577,Dhaka,5789,Narsingdi,NO,3000,Member State,1000,0.103402451298,2.15553223861,293.76893916721235,299.34187217578426,15869357.16789511,298.1166905061079,302.62340045951447,294.1903368175978,0.006210916714297276,0.33036899908867834,0.3476654040474921,23,Bangladesh,577,Dhaka,5789,Narsingdi,NO,3000,Member State,1000,0.103402451298,2.15553223861,5.0277929510594666,3.4172307276381204,4620365.960910496,3.110297483560632,4.868770755855533,3.665786817860288,0.011370983242341738,0.10449357515059286,0.07959054535570602,23,Bangladesh,577,Dhaka,5789,Narsingdi,NO,3000,Member State,1000,0.103402451298,2.15553223861,13.431592020425908,14.372056483872846,4.529305898912242e-06,8.596334146307873,15.590937586750572,15.848323609905004,-3049.73018971878,-188.53687181823338,-118.40524857226744,23,Bangladesh,577,Dhaka,5789,Narsingdi,NO,3000,Member State,1000,0.103402451298,2.15553223861,0.00011227234544862507,0.00011227234544862507,0.0014298393038407158,0.008015418331045335,0.017701361949914785,0.1792483061011799,0.21107208746526393,0.37555626240852413,0.4276408460746787,0.4394255145320028
Netrakona,23,Bangladesh,577,Dhaka,5790,Netrakona,NO,3000,Member State,1000,0.249309355058,4.23768376617,293.42526050700206,298.5396465762623,14938385.31817646,297.34249160747197,302.0795481877888,293.29469752581076,0.008991231865694518,0.3200973246189989,0.3323399182708647,23,Bangladesh,577,Dhaka,5790,Netrakona,NO,3000,Member State,1000,0.249309355058,4.23768376617,5.070044512345597,3.4235856951578003,4904782.2052093,3.117737655286447,5.03883026613478,3.6627857359297913,0.014913063887728383,0.1092876333978716,0.08570608973969575,23,Bangladesh,577,Dhaka,5790,Netrakona,NO,3000,Member State,1000,0.249309355058,4.23768376617,14.345463108088602,15.969634431003824,3.8496160189382235e-06,10.418724603393663,15.528435283389538,17.988828161372453,-1976.257168099092,-217.31269317729294,-172.6829894752656,23,Bangladesh,577,Dhaka,5790,Netrakona,NO,3000,Member State,1000,0.249309355058,4.23768376617,0.0001038445182039875,0.0001038445182039875,0.0022152470424456525,0.012742194144184241,0.02513710672837552,0.158522018336707,0.19595458972930305,0.37372623711312153,0.4210964728458808,0.4281067406198481
Rajbari,23,Bangladesh,577,Dhaka,5791,Rajbari,NO,3000,Member State,1000,0.100851126806,2.05777839269,293.7044181230837,299.58611001687456,16594278.636952607,298.51316358524394,302.87099195987247,294.650059556846,0.005096798479405047,0.28188466637522197,0.30231847316501037,23,Bangladesh,577,Dhaka,5791,Rajbari,NO,3000,Member State,1000,0.100851126806,2.05777839269,5.300121801611948,3.813359951937189,4613493.23024598,3.5895897916970037,4.917175843540774,3.9023889968524346,0.009960497719819049,0.1099029636139207,0.08035836676501075,23,Bangladesh,577,Dhaka,5791,Rajbari,NO,3000,Member State,1000,0.100851126806,2.05777839269,13.2742517651129,9.81481716553829,3.2869593886108997e-06,4.490348089734521,15.76032015147254,13.413591592346828,-1575.86197340957,-19.746058041036914,141.40655816495607,23,Bangladesh,577,Dhaka,5791,Rajbari,NO,3000,Member State,1000,0.100851126806,2.05777839269,0.00011024679069218598,0.00011024679069218598,0.00011024679069218598,0.006334269065649467,0.015190500221531372,0.1314411477960056,0.1593216498639284,0.3059392278221213,0.3904678871042651,0.4089868962902031
Shariatpur,23,Bangladesh,577,Dhaka,5792,Shariatpur,NO,3000,Member State,1000,0.109915933336,1.98850435793,294.33582818223545,300.11586775319944,16314099.883954166,298.68591775576635,302.5734086019451,295.2829598884517,0.0053123777975884415,0.26136301145577634,0.2968377585349417,23,Bangladesh,577,Dhaka,5792,Shariatpur,NO,3000,Member State,1000,0.109915933336,1.98850435793,4.806029024177117,3.446537874589622,4532222.240664198,3.205279736333473,4.466114589814015,3.524153652182585,0.010103268091323727,0.11360472534991618,0.07668709808273878,23,Bangladesh,577,Dhaka,5792,Shariatpur,NO,3000,Member State,1000,0.109915933336,1.98850435793,13.527247991289533,11.512592654865543,4.789912298746033e-06,8.281840047673906,16.44255517932,15.407431197947444,-3441.254991660541,-174.24698147096026,-238.54512530842626,23,Bangladesh,577,Dhaka,5792,Shariatpur,NO,3000,Member State,1000,0.109915933336,1.98850435793,0.00010892694679570811,0.00010892694679570811,0.00010892694679570811,0.00689617234963585,0.015315820753113597,0.11260053329024687,0.13213001194695473,0.2865850960420894,0.3757970643980787,0.39270887779059
Sherpur,23,Bangladesh,577,Dhaka,5793,Sherpur,NO,3000,Member State,1000,0.117431528411,1.86477757862,293.0727642590524,298.5136274809217,15578460.361992635,297.4482207526564,302.0745573973833,293.3581343611361,0.00658513742051459,0.2988035406228081,0.3103547611904355,23,Bangladesh,577,Dhaka,5793,Sherpur,NO,3000,Member State,1000,0.117431528411,1.86477757862,5.269876011521986,3.434872007983527,4707797.739289899,3.2829662516504072,4.896150195461848,3.68896242643483,0.01213679379978037,0.11065794699425366,0.085786410584661,23,Bangladesh,577,Dhaka,5793,Sherpur,NO,3000,Member State,1000,0.117431528411,1.86477757862,16.24581171176826,12.829966218456317,1.5551232622591676e-06,4.76622873280126,15.783503995749868,13.506742393871873,-1277.0507812259045,-112.46108340423419,211.79186571121295,23,Bangladesh,577,Dhaka,5793,Sherpur,NO,3000,Member State,1000,0.117431528411,1.86477757862,0.00011119833274700035,0.00011119833274700035,0.0012453753215958393,0.008265148531823512,0.019375259741039756,0.14539060294409764,0.17247639547566596,0.3390812256316616,0.4058460726895077,0.4192825237381748
Tangail,23,Bangladesh,577,Dhaka,5794,Tangail,NO,3000,Member State,1000,0.299153195501,3.71720930682,293.43557276239983,299.35447888621104,16027340.396614976,298.06478691801834,302.67297709770145,293.9627286340212,0.005920400217110169,0.31083797216483355,0.32552308099442184,23,Bangladesh,577,Dhaka,5794,Tangail,NO,3000,Member State,1000,0.299153195501,3.71720930682,5.307468202517661,3.5728098600616454,4671615.351417115,3.371882572698893,4.983458137402753,3.8271877704585484,0.010990648515957935,0.10467232978283782,0.08084179163336357,23,Bangladesh,577,Dhaka,5794,Tangail,NO,3000,Member State,1000,0.299153195501,3.71720930682,14.436582666745469,11.35041472979014,2.315344345335709e-06,4.0349222791388515,15.617063466845645,13.383490193638236,-2458.078296462597,-82.32600860087257,120.54252940673189,23,Bangladesh,577,Dhaka,5794,Tangail,NO,3000,Member State,1000,0.299153195501,3.71720930682,0.00010822845242851952,0.00010822845242851952,0.0008764068231695346,0.00763495610485269,0.017624073435505525,0.1659600917805417,0.19096338659972228,0.3456656274903067,0.41145633007113136,0.4263804832299038
Bagerhat,23,Bangladesh,578,Khulna,5795,Bagerhat,NO,3000,Member State,1000,0.32002771964,13.7918135556,294.51614896609004,299.90618399833545,15814316.38711703,298.8449092940492,302.74212846653273,295.51951969967763,0.00553098850253121,0.34676659267175486,0.37438659052760126,23,Bangladesh,578,Khulna,5795,Bagerhat,NO,3000,Member State,1000,0.32002771964,13.7918135556,4.950151421607769,3.4845038860681914,4393356.820544866,3.126296895042524,4.559559642081923,3.5098382285395204,0.010475167239082333,0.10193423304402988,0.07437536711880881,23,Bangladesh,578,Khulna,5795,Bagerhat,NO,3000,Member State,1000,0.32002771964,13.7918135556,13.582135656692333,9.806856502623486,3.962278846693514e-06,7.728660396496761,13.16867289126143,10.1383170244777,-2927.620254063656,-151.71139363660703,-332.03960894506224,23,Bangladesh,578,Khulna,5795,Bagerhat,NO,3000,Member State,1000,0.32002771964,13.7918135556,0.0001355909346305727,0.0001355909346305727,0.0001355909346305727,0.0075530563935127595,0.016556693024623606,0.21163792669999015,0.23318030576618198,0.36462319257827,0.449343050521595,0.46359901679099996
Chuadanga,23,Bangladesh,578,Khulna,5796,Chuadanga,NO,3000,Member State,1000,0.0995022423511,2.10925257981,293.3420839560133,299.82160384281275,16994781.006234203,298.5209015579864,303.2803266589197,294.26778067335687,0.004762850346873,0.2781625341158228,0.28986576074024684,23,Bangladesh,578,Khulna,5796,Chuadanga,NO,3000,Member State,1000,0.0995022423511,2.10925257981,5.58853115364773,4.0675384011449776,4694223.109546663,3.8760850345833413,5.292990446223527,4.17571382684422,0.009503067291035911,0.11053012846935278,0.08772593135959125,23,Bangladesh,578,Khulna,5796,Chuadanga,NO,3000,Member State,1000,0.0995022423511,2.10925257981,13.691883249524077,6.429157260899252,5.13657581822706e-07,2.47074969953587,12.060468628656787,9.211709311487677,-3350.3658567984635,32.434906502591325,-68.63021009064532,23,Bangladesh,578,Khulna,5796,Chuadanga,NO,3000,Member State,1000,0.0995022423511,2.10925257981,0.00011109253412125395,0.00011109253412125395,0.00011109253412125395,0.005764894462810983,0.014583620158524711,0.1351903337060607,0.15620345887368364,0.2874218818551497,0.3921431421510925,0.4130774121093251
Jessore,23,Bangladesh,578,Khulna,5797,Jessore,NO,3000,Member State,1000,0.22471916646,4.10268497206,293.68353471938417,300.05203119637554,16880568.297800813,298.6491636729984,303.37294920598964,294.4886779553012,0.0048875366929427184,0.2851135502689789,0.294301275126388,23,Bangladesh,578,Khulna,5797,Jessore,NO,3000,Member State,1000,0.22471916646,4.10268497206,5.499342901772667,3.85276455649102,4638034.157855722,3.5388536117944445,5.280452116302023,4.00551544237991,0.00976051246952864,0.10813731382625826,0.08693076550949236,23,Bangladesh,578,Khulna,5797,Jessore,NO,3000,Member State,1000,0.22471916646,4.10268497206,14.050506267522913,8.22394534236091,1.3130248223753205e-06,6.327798625011565,12.691063056444321,11.699334434114736,-3977.9544160137193,-72.51994468573439,-200.62495345261397,23,Bangladesh,578,Khulna,5797,Jessore,NO,3000,Member State,1000,0.22471916646,4.10268497206,0.00013612865479403267,0.00013612865479403267,0.00013612865479403267,0.006213466125977539,0.014688653334860496,0.1446785372301207,0.16593429021948253,0.29528343195975687,0.3968849455283482,0.4146948696989467
Jhenaidah,23,Bangladesh,578,Khulna,5798,Jhenaidah,NO,3000,Member State,1000,0.172984700109,3.4632953975,293.4571875227913,299.8102019896485,16889227.176412415,298.5278068690533,303.25067516180354,294.3171846963457,0.0048916125547549885,0.2816683001096838,0.2929066239057541,23,Bangladesh,578,Khulna,5798,Jhenaidah,NO,3000,Member State,1000,0.172984700109,3.4632953975,5.529158623415379,3.9524440041326967,4655098.461978016,3.729143555161636,5.250457304966455,4.087836986862251,0.009857042279695184,0.10962960367258609,0.08678247561099559,23,Bangladesh,578,Khulna,5798,Jhenaidah,NO,3000,Member State,1000,0.172984700109,3.4632953975,13.987330452415978,7.511253612652343,1.9227990233319357e-06,3.550715697715991,13.051523002335848,10.909479241539623,-2810.248927372414,-4.633736158512796,-137.50747588424326,23,Bangladesh,578,Khulna,5798,Jhenaidah,NO,3000,Member State,1000,0.172984700109,3.4632953975,0.00011665091163276957,0.00011665091163276957,0.00011665091163276957,0.006055686032840963,0.014887047703867081,0.13789298814855253,0.16066955437355254,0.2942679551243749,0.39390470765519386,0.4133283099612259
Khulna,23,Bangladesh,578,Khulna,5799,Khulna,NO,3000,Member State,1000,0.312156770686,15.3352769818,294.56417461754313,300.14949416113524,16263350.098258968,298.9830518803984,302.86963347389326,295.66550170524954,0.0051577725319294455,0.3570554760146313,0.3875498857286922,23,Bangladesh,578,Khulna,5799,Khulna,NO,3000,Member State,1000,0.312156770686,15.3352769818,4.9332114144658075,3.604456136252795,4514903.653080015,3.255826821121134,4.558886397834917,3.5802496769041197,0.009866910096985641,0.09675453262446311,0.0698672395368578,23,Bangladesh,578,Khulna,5799,Khulna,NO,3000,Member State,1000,0.312156770686,15.3352769818,13.946682760501227,10.547805627093009,2.688281963902414e-06,8.113479536888907,15.653167518733483,12.96845320335461,-3049.440440333311,-134.29299670750535,-315.7134205429637,23,Bangladesh,578,Khulna,5799,Khulna,NO,3000,Member State,1000,0.312156770686,15.3352769818,0.0001132347206533604,0.0001132347206533604,0.0001132347206533604,0.006816770547387717,0.015545584546560513,0.22741122659514484,0.2503738675450738,0.37319475997652723,0.45427596326462805,0.4676869667457468
Kushtia,23,Bangladesh,578,Khulna,5800,Kushtia,NO,3000,Member State,1000,0.147701537139,3.15129560859,293.36952960246754,299.60167366660426,16844477.93738081,298.43868840607666,303.04915078082956,294.3262330158282,0.004897272744452207,0.2806683332247064,0.2987523160723628,23,Bangladesh,578,Khulna,5800,Kushtia,NO,3000,Member State,1000,0.147701537139,3.15129560859,5.501640581560814,4.025517010515921,4675641.2636359725,3.841895238063352,5.169506985675661,4.1302295086330805,0.009811702529517158,0.11141620629776408,0.08355058394279381,23,Bangladesh,578,Khulna,5800,Kushtia,NO,3000,Member State,1000,0.147701537139,3.15129560859,13.492996856800788,6.790729446777425,1.6557673777039367e-06,0.11659918687562201,14.939015763769856,9.179987093196488,-3075.007998560921,47.99201418253024,87.12603194233606,23,Bangladesh,578,Khulna,5800,Kushtia,NO,3000,Member State,1000,0.147701537139,3.15129560859,0.00013950107646031176,0.00013950107646031176,0.00013950107646031176,0.00602622522679398,0.014989747255150584,0.13356917614713926,0.15770788400703686,0.2974625795534708,0.39384551850749616,0.41414586735426834
Magura,23,Bangladesh,578,Khulna,5801,Magura,NO,3000,Member State,1000,0.0923174738428,1.93200632085,293.58878471033086,299.79835431550197,16704280.48216509,298.4894292939907,303.153409219681,294.353516840846,0.005205202349139839,0.28728111373318665,0.2997282073744603,23,Bangladesh,578,Khulna,5801,Magura,NO,3000,Member State,1000,0.0923174738428,1.93200632085,5.439592639464883,3.8261814629661752,4612899.647783123,3.57823713876178,5.1652116624827435,3.9801640168354884,0.010233724486618094,0.10934472108861804,0.0854116666413169,23,Bangladesh,578,Khulna,5801,Magura,NO,3000,Member State,1000,0.0923174738428,1.93200632085,13.6955344038004,8.480565956675827,2.9430819915603655e-06,5.029569499690616,13.508428885407163,14.227738875140933,-2385.64998424865,-20.27904003950169,-38.14330577352511,23,Bangladesh,578,Khulna,5801,Magura,NO,3000,Member State,1000,0.0923174738428,1.93200632085,0.00011424535386882416,0.00011424535386882416,0.00011424535386882416,0.006339477036104879,0.015542644689770024,0.13965132806947395,0.165902999596375,0.3075596695721225,0.39794206487182276,0.4147282428796033
Meherpur,23,Bangladesh,578,Khulna,5802,Meherpur,NO,3000,Member State,1000,0.0591353170096,1.48510272537,293.2193781934745,299.75332095539346,17024919.536817078,298.52678034758253,303.27284035877767,294.2781931659071,0.0046643243017290125,0.28043944294101847,0.28826522586625863,23,Bangladesh,578,Khulna,5802,Meherpur,NO,3000,Member State,1000,0.0591353170096,1.48510272537,5.634423714102295,4.148457187139144,4706438.102686324,3.9880235152088224,5.2777116861084625,4.2272293855530725,0.009338991828968232,0.10775739295825586,0.0880085423291244,23,Bangladesh,578,Khulna,5802,Meherpur,NO,3000,Member State,1000,0.0591353170096,1.48510272537,13.592568406460858,6.220115435968521,-6.480126232723249e-07,1.9111600333616754,12.607205640156158,8.878087136240236,-3812.278452580383,100.11575482663424,-52.11479153606535,23,Bangladesh,578,Khulna,5802,Meherpur,NO,3000,Member State,1000,0.0591353170096,1.48510272537,0.00011008495901713621,0.00011008495901713621,0.00011008495901713621,0.005388615784266962,0.014191706868625356,0.14126125659387512,0.1621529926147169,0.288931964231327,0.39172828858596137,0.4130828080166676
Narail,23,Bangladesh,578,Khulna,5803,Narail,NO,3000,Member State,1000,0.0865783158411,2.12948895801,293.75916390082006,299.9973060273837,16664279.534983955,298.57930129768897,303.2450960131562,294.4857953548407,0.005026702600534571,0.2878055680134998,0.2974490916212005,23,Bangladesh,578,Khulna,5803,Narail,NO,3000,Member State,1000,0.0865783158411,2.12948895801,5.365518529819515,3.7537951744677716,4591352.910121991,3.439473741133562,5.145505329866186,3.906899963812862,0.010026017708641201,0.10802009167752018,0.08608997463161058,23,Bangladesh,578,Khulna,5803,Narail,NO,3000,Member State,1000,0.0865783158411,2.12948895801,13.42363060544357,9.80529195705104,3.2929305487479713e-06,7.706603984098148,13.553445762497631,13.63008236586281,-4223.706266880074,-135.24489770885228,-227.22616436035165,23,Bangladesh,578,Khulna,5803,Narail,NO,3000,Member State,1000,0.0865783158411,2.12948895801,0.00019137722008831778,0.00019137722008831778,0.00019137722008831778,0.006628397132188449,0.014831178848550846,0.14374167521395065,0.16863620722932968,0.3048657539705564,0.3975990958802915,0.41430348780607534
Satkhira,23,Bangladesh,578,Khulna,5804,Satkhira,NO,3000,Member State,1000,0.285983021618,12.3809392019,294.53121258090147,300.33456088118436,14856947.857104883,299.1173173817953,303.04311282420787,295.75215418863485,0.0049436198208752296,0.355320458786058,0.38426845306624696,23,Bangladesh,578,Khulna,5804,Satkhira,NO,3000,Member State,1000,0.285983021618,12.3809392019,4.968031585533208,3.735787431438745,4118636.466254536,3.3544359109934443,4.640624064182977,3.6572177179107,0.009703935415973529,0.09437464608413053,0.06921553513486892,23,Bangladesh,578,Khulna,5804,Satkhira,NO,3000,Member State,1000,0.285983021618,12.3809392019,13.000249968308347,9.94366742766765,1.7111284864852675e-06,8.526774391870383,16.277334451886283,14.453910617088011,-1747.8340270171327,-111.12063375341599,-333.75809337375426,23,Bangladesh,578,Khulna,5804,Satkhira,NO,3000,Member State,1000,0.285983021618,12.3809392019,0.0001046234393677136,0.0001046234393677136,0.0001046234393677136,0.006488203917769918,0.014864461126004704,0.22974946513558936,0.25190221555194925,0.3680289647826641,0.45132285433959346,0.4650959291536171
Habiganj,23,Bangladesh,580,Sylhet,5821,Habiganj,NO,3000,Member State,1000,0.230621990485,3.99302961772,293.5855748373193,298.8660436457977,15506626.153560454,297.766102084526,302.3447073698625,293.82208679266984,0.007041160654047662,0.312646939234398,0.3296043261592534,23,Bangladesh,580,Sylhet,5821,Habiganj,NO,3000,Member State,1000,0.230621990485,3.99302961772,4.881156288928884,3.4906241805410714,4744043.94578962,3.1151620729733374,4.84076486538368,3.6180955309991516,0.012464113957971184,0.10908625406609235,0.08104258076375306,23,Bangladesh,580,Sylhet,5821,Habiganj,NO,3000,Member State,1000,0.230621990485,3.99302961772,10.372059871277733,14.11154009729874,3.738882734775787e-06,10.061018659886333,14.222762191084731,17.813584481537355,-2768.9860221299664,-191.33461427214675,-256.5305381951938,23,Bangladesh,580,Sylhet,5821,Habiganj,NO,3000,Member State,1000,0.230621990485,3.99302961772,0.0001210314467268742,0.0001210314467268742,0.0019117577496704028,0.009468860824298181,0.01925663992277044,0.14646947275388095,0.1942225688831413,0.3663371978735981,0.41168595840176625,0.42097081776218104
Maulvibazar,23,Bangladesh,580,Sylhet,5822,Maulvibazar,NO,3000,Member State,1000,0.227492574228,3.42306435439,293.5443383516207,298.4052194552409,15647678.192878556,297.58605226880263,302.1689956577973,293.70717032951933,0.007562469969154634,0.32488263147959906,0.3432068752895847,23,Bangladesh,580,Sylhet,5822,Maulvibazar,NO,3000,Member State,1000,0.227492574228,3.42306435439,4.844818641782909,3.512963475472351,4748906.725433056,3.103026201355844,4.722989416427978,3.558146992664876,0.012938965474770118,0.10569878883257038,0.07693176499476183,23,Bangladesh,580,Sylhet,5822,Maulvibazar,NO,3000,Member State,1000,0.227492574228,3.42306435439,8.312336692905244,14.329068880372384,2.185227959958214e-06,10.647694854410247,13.711543971151468,17.081859008371627,-3224.8195495247933,-228.770967918503,-351.90938484811494,23,Bangladesh,580,Sylhet,5822,Maulvibazar,NO,3000,Member State,1000,0.227492574228,3.42306435439,0.00011239732856081467,0.00011239732856081467,0.002338190263800167,0.010256917963247233,0.02026213874227179,0.15599933380574046,0.21746773926693533,0.3795930589436182,0.4175621884087749,0.42565501740621503
Sunamganj,23,Bangladesh,580,Sylhet,5823,Sunamganj,NO,3000,Member State,1000,0.32626612013,4.4757798092,293.1544024485402,298.1160767599345,14703614.147594696,296.9549344281555,301.5016376840939,293.03637226828744,0.011685766316764866,0.33411256682763313,0.3472721868641048,23,Bangladesh,580,Sylhet,5823,Sunamganj,NO,3000,Member State,1000,0.32626612013,4.4757798092,4.975928389265838,3.5181128406462836,5024151.453710693,3.0912901755633233,5.016062487163767,3.6582253055727967,0.01897416406116586,0.10644299355763893,0.08370019933141405,23,Bangladesh,580,Sylhet,5823,Sunamganj,NO,3000,Member State,1000,0.32626612013,4.4757798092,10.24009899951626,16.150379845712244,3.4491472171141197e-06,12.690503011667417,15.198837455544757,19.082449636236035,-1913.9915812411846,-282.7563369217911,-383.8506889814044,23,Bangladesh,580,Sylhet,5823,Sunamganj,NO,3000,Member State,1000,0.32626612013,4.4757798092,0.00014118829015700752,0.00014118829015700752,0.0033381261235107935,0.016755718457357693,0.03257407705596978,0.1698057946168903,0.21722485304817768,0.3921727985286989,0.428935981011877,0.43502927282737025
Sylhet,23,Bangladesh,580,Sylhet,5824,Sylhet,NO,3000,Member State,1000,0.310504614045,3.67562135937,292.99159556347223,297.7999662858672,15086470.62138639,296.7636921936678,301.3296490472542,292.8332227743681,0.011877288512273244,0.361689740299694,0.38048623566309764,23,Bangladesh,580,Sylhet,5824,Sylhet,NO,3000,Member State,1000,0.310504614045,3.67562135937,5.00404028564136,3.529912752803929,5027840.086517135,3.0551020087845293,5.018649059205544,3.6676899373976948,0.01991003085141312,0.10124387594245196,0.07533328829673414,23,Bangladesh,580,Sylhet,5824,Sylhet,NO,3000,Member State,1000,0.310504614045,3.67562135937,7.441085978434892,15.23208484429353,1.6750658565376193e-06,13.521894690572857,14.79096216471013,18.940021186613208,-1921.8708200736964,-283.8472855638017,-460.80492014690356,23,Bangladesh,580,Sylhet,5824,Sylhet,NO,3000,Member State,1000,0.310504614045,3.67562135937,0.00012899580082767291,0.00012899580082767291,0.0031337315934499804,0.016340138117212466,0.03328444705954141,0.1992997383660583,0.2552787069463808,0.4171110656665618,0.4491674095828076,0.45619499222495086
Bogra,23,Bangladesh,61362,Rajshahi,5805,Bogra,NO,3000,Member State,1000,0.260949022293,4.27328579477,293.0425920279434,299.2264145738769,16130683.43652233,297.91517885564207,302.69025269211954,293.66591506158056,0.005749882757126152,0.2973529328110123,0.31236016289710505,23,Bangladesh,61362,Rajshahi,5805,Bogra,NO,3000,Member State,1000,0.260949022293,4.27328579477,5.611416919160772,3.7491279734990077,4757321.443978616,3.5867378297969332,5.180151726320595,4.000134871969074,0.011278017078790227,0.11041596420167342,0.08452981012681489,23,Bangladesh,61362,Rajshahi,5805,Bogra,NO,3000,Member State,1000,0.260949022293,4.27328579477,13.951699054490557,6.556240588530029,-1.3363462577342137e-06,-1.927315133774036,14.64135292696611,8.40485789292221,-1980.7391485829564,40.03290310986221,215.65794919857743,23,Bangladesh,61362,Rajshahi,5805,Bogra,NO,3000,Member State,1000,0.260949022293,4.27328579477,0.00017370317561181642,0.00017370317561181642,0.0001752647050963898,0.0071756778682597186,0.01710067763023648,0.14867606554354965,0.1718321520076875,0.3252471899574004,0.40720645717989395,0.4222812549134027
Joypurhat,23,Bangladesh,61362,Rajshahi,5808,Joypurhat,NO,3000,Member State,1000,0.0872797772687,2.15108809554,292.66290340021897,298.9447162318897,16078613.65357368,297.78918014162315,302.6277915182605,293.4032974519308,0.005626631214775679,0.2906822624019221,0.3014663122246525,23,Bangladesh,61362,Rajshahi,5808,Joypurhat,NO,3000,Member State,1000,0.0872797772687,2.15108809554,5.823781363356965,3.8698366402523305,4776407.716717103,3.7337736131025276,5.29130381081751,4.089655777013973,0.01133729652094711,0.1096297657170302,0.08686290971200895,23,Bangladesh,61362,Rajshahi,5808,Joypurhat,NO,3000,Member State,1000,0.0872797772687,2.15108809554,13.016894053289102,5.45892874277216,-1.7328666002851205e-06,-2.8910373785305046,12.772279023497795,6.219234314082251,-2459.4823379871655,23.800428404604272,183.79272777157627,23,Bangladesh,61362,Rajshahi,5808,Joypurhat,NO,3000,Member State,1000,0.0872797772687,2.15108809554,0.00024785490783643167,0.00024785490783643167,0.00024785490783643167,0.006851411355231361,0.01656681439284788,0.14498944790475035,0.16844566698620567,0.31244709443069496,0.4015885713668328,0.41726397610926225
Naogaon,23,Bangladesh,61362,Rajshahi,5811,Naogaon,NO,3000,Member State,1000,0.308636270728,4.59772010232,292.5997635758413,299.23190256774916,16448537.60761276,298.0636584518009,302.90772065450625,293.6636068322815,0.0051686107343519045,0.28375525724076583,0.29804979572098794,23,Bangladesh,61362,Rajshahi,5811,Naogaon,NO,3000,Member State,1000,0.308636270728,4.59772010232,5.886541513383995,4.015946907500657,4803476.162670353,3.9258464023479402,5.2703487072294894,4.206160984006393,0.01077453826168732,0.11100386820579893,0.08618541857811804,23,Bangladesh,61362,Rajshahi,5811,Naogaon,NO,3000,Member State,1000,0.308636270728,4.59772010232,12.044905440709723,5.567650565616171,-2.4342321002241447e-06,-0.8649759491019631,14.26474732006041,6.858367047875081,-3205.8560836650963,-54.16533558773737,108.69276391730183,23,Bangladesh,61362,Rajshahi,5811,Naogaon,NO,3000,Member State,1000,0.308636270728,4.59772010232,0.0002551789872809949,0.0002551789872809949,0.0002551789872809949,0.0065514325034852555,0.015522887506618078,0.14038340007988723,0.16148897190872918,0.29571590328076247,0.39808583444538526,0.4164755401511892
Natore,23,Bangladesh,61362,Rajshahi,5812,Natore,NO,3000,Member State,1000,0.169604074609,3.52949160681,293.01635489320836,299.6254578646205,16620348.089899758,298.21624385936775,303.0925764109765,293.83063577365795,0.005137023401001319,0.28639180020649874,0.29644367439600705,23,Bangladesh,61362,Rajshahi,5812,Natore,NO,3000,Member State,1000,0.169604074609,3.52949160681,5.683817126319337,3.904966808241636,4714656.410902966,3.7564247544346174,5.339942605789809,4.161995221742898,0.010471748400302388,0.1085652489463677,0.08710443654048464,23,Bangladesh,61362,Rajshahi,5812,Natore,NO,3000,Member State,1000,0.169604074609,3.52949160681,13.017023997568955,5.444264679576898,-2.0452466053890793e-07,-2.041754930688717,14.643774858270646,7.292064501921999,-3227.439331430581,-10.722333413629748,25.42462002596856,23,Bangladesh,61362,Rajshahi,5812,Natore,NO,3000,Member State,1000,0.169604074609,3.52949160681,0.0002493492286944688,0.0002493492286944688,0.0002493492286944688,0.006598633423061521,0.015403666763828271,0.14381066520171798,0.16525183027308474,0.30332078791699224,0.3965633279950619,0.41543203628198033
Nawabganj,23,Bangladesh,61362,Rajshahi,5813,Nawabganj,NO,3000,Member State,1000,0.145611135005,2.90797745545,292.69069266647466,299.607576054246,16839972.84110372,298.3431152269941,303.0653298854272,294.0631301376129,0.00449741255956529,0.2806553475462525,0.29239348975556934,23,Bangladesh,61362,Rajshahi,5813,Nawabganj,NO,3000,Member State,1000,0.145611135005,2.90797745545,5.809502236598941,4.344174397165323,4842669.922126733,4.228487751391147,5.27435529833599,4.3938169839414964,0.008959038950255443,0.10778716345877197,0.08513904279355043,23,Bangladesh,61362,Rajshahi,5813,Nawabganj,NO,3000,Member State,1000,0.145611135005,2.90797745545,11.277156706629665,7.269268443029564,-2.488270533375715e-06,1.5389816920002175,15.790002119487148,7.8098654118461495,-3134.092339788333,-123.4906629820779,-183.74144206103244,23,Bangladesh,61362,Rajshahi,5813,Nawabganj,NO,3000,Member State,1000,0.145611135005,2.90797745545,0.0001499179433022266,0.0001499179433022266,0.0001499179433022266,0.005220196890720822,0.014268374255771599,0.14451376787087444,0.16546385856937007,0.2796679146870909,0.3940875068392755,0.4153119371035104
Pabna,23,Bangladesh,61362,Rajshahi,5815,Pabna,NO,3000,Member State,1000,0.212569662607,3.03008845716,293.4448872895882,299.69410561813004,16591340.246854518,298.3662293438295,302.9442199886702,294.283972650645,0.005177267067247824,0.2883235664707657,0.3035035768897793,23,Bangladesh,61362,Rajshahi,5815,Pabna,NO,3000,Member State,1000,0.212569662607,3.03008845716,5.438897132528061,3.8807561948056652,4659340.577715424,3.6733426023196145,5.138923214613023,4.045738400237126,0.010113183117499628,0.10992323060984915,0.08370900075522054,23,Bangladesh,61362,Rajshahi,5815,Pabna,NO,3000,Member State,1000,0.212569662607,3.03008845716,13.374006329819746,7.754669360650177,2.0282756117345714e-06,1.7842252100053393,15.873297361987376,9.692112062200962,-2409.5898942926897,3.947203660091064,48.351842253385065,23,Bangladesh,61362,Rajshahi,5815,Pabna,NO,3000,Member State,1000,0.212569662607,3.03008845716,0.00011230459469660151,0.00011230459469660151,0.00011230459469660151,0.006378975643126911,0.01577016013375519,0.1401860857726807,0.16502723816284098,0.3118870098085821,0.39801727405163234,0.41582549094318977
Rajshahi,23,Bangladesh,61362,Rajshahi,5817,Rajshahi,NO,3000,Member State,1000,0.215039228465,3.38505164884,292.91389055677723,299.6342866265709,16799085.71624606,298.38912639482226,303.10941619739015,294.1447117691009,0.004781899971462554,0.2783962205090571,0.2952565798365139,23,Bangladesh,61362,Rajshahi,5817,Rajshahi,NO,3000,Member State,1000,0.215039228465,3.38505164884,5.744489526798668,4.1099211621470015,4762679.064604751,4.004324105795942,5.175695050141875,4.220607826589628,0.009833234935126134,0.1114489648103774,0.08550535866966838,23,Bangladesh,61362,Rajshahi,5817,Rajshahi,NO,3000,Member State,1000,0.215039228465,3.38505164884,12.148945605527084,5.5134234968916065,-1.815846004432223e-06,-1.7347822604080967,15.127780188583277,6.772066840816976,-3660.2913496096858,-12.278590184587882,-17.295071352591208,23,Bangladesh,61362,Rajshahi,5817,Rajshahi,NO,3000,Member State,1000,0.215039228465,3.38505164884,0.00022113686444778853,0.00022113686444778853,0.00022113686444778853,0.0060555151110512915,0.014545125228250367,0.135773753114948,0.1564501525668148,0.2866363720294894,0.39396063426219036,0.41488047675963413
Sirajganj,23,Bangladesh,61362,Rajshahi,5819,Sirajganj,NO,3000,Member State,1000,0.22237674328,3.58847132385,293.50373935547043,299.48046247425543,16268508.473850934,298.16102663842645,302.7156336740689,294.12627268236093,0.0055713647978003445,0.2957535749205379,0.318238773034307,23,Bangladesh,61362,Rajshahi,5819,Sirajganj,NO,3000,Member State,1000,0.22237674328,3.58847132385,5.35406527070486,3.7512583462411073,4692669.745854778,3.537642579340364,5.052768923941963,3.953075646912359,0.010730095770149545,0.1117980126178718,0.08048441113524764,23,Bangladesh,61362,Rajshahi,5819,Sirajganj,NO,3000,Member State,1000,0.22237674328,3.58847132385,14.418645445705412,7.900230036057335,7.8550360440913e-07,1.0381044646634139,16.169935633657524,10.665424829842038,-2144.6468083683717,-6.241408190441904,141.1173356812971,23,Bangladesh,61362,Rajshahi,5819,Sirajganj,NO,3000,Member State,1000,0.22237674328,3.58847132385,0.00017182851383523625,0.00017182851383523625,0.00020106680550524791,0.007067956313818528,0.016460893091357346,0.14405492224513605,0.16756303463085892,0.32764131328739626,0.40530677878991384,0.42159889356873115
Dinajpur,23,Bangladesh,61363,Rangpur,5806,Dinajpur,NO,3000,Member State,1000,0.309000459958,4.73786039766,292.34262037562365,298.74749414317165,15743545.447641073,297.6009030591349,302.38449283171684,293.23229069898315,0.005905431850061419,0.2873939729679184,0.30014334668537324,23,Bangladesh,61363,Rangpur,5806,Dinajpur,NO,3000,Member State,1000,0.309000459958,4.73786039766,5.9690017025020286,3.812550801372695,4815102.913266088,3.712745161977358,5.238561511538541,4.055345353902133,0.011615988427909734,0.11320936605464788,0.08753641428465554,23,Bangladesh,61363,Rangpur,5806,Dinajpur,NO,3000,Member State,1000,0.309000459958,4.73786039766,12.853494551972648,5.410505834782564,-1.2106402283286978e-06,-2.2122333967319063,12.665783526506935,6.024881008494287,-853.7920910996698,-7.142286789836112,119.87909304858532,23,Bangladesh,61363,Rangpur,5806,Dinajpur,NO,3000,Member State,1000,0.309000459958,4.73786039766,0.00019688359147975351,0.00019688359147975351,0.00019688359147975351,0.007613173271123499,0.01747810088013722,0.14046559067587003,0.16023803736639236,0.30710623205738047,0.40402296505408275,0.41838975448299204
Gaibandha,23,Bangladesh,61363,Rangpur,5807,Gaibandha,NO,3000,Member State,1000,0.194502348185,3.21390974141,293.11096905552444,298.92545164268654,15723055.28250316,297.76824317224407,302.2964538890864,293.7498001328562,0.006111725336464873,0.30037360161515414,0.3229136037271091,23,Bangladesh,61363,Rangpur,5807,Gaibandha,NO,3000,Member State,1000,0.194502348185,3.21390974141,5.4424539364676106,3.6192066291972553,4743852.184420588,3.500043976223579,4.938146402844387,3.8499331288176903,0.011794023126101621,0.11435065417761194,0.08059688846509658,23,Bangladesh,61363,Rangpur,5807,Gaibandha,NO,3000,Member State,1000,0.194502348185,3.21390974141,14.812578523963943,9.470811215213727,7.417664069003043e-08,-0.7460177332381702,16.726106146024275,9.737525382420522,-1951.230524263993,-60.456226127100756,138.22922781118453,23,Bangladesh,61363,Rangpur,5807,Gaibandha,NO,3000,Member State,1000,0.194502348185,3.21390974141,0.00011335046668509362,0.00011335046668509362,0.0008842830679126224,0.007250013298785938,0.018188605247785542,0.1450033127653502,0.16976563353158722,0.3373260243703116,0.41214370498414127,0.4276083478205512
Kurigram,23,Bangladesh,61363,Rangpur,5809,Kurigram,NO,3000,Member State,1000,0.20028221978,3.49094335134,293.02843703704065,298.6911325029642,15422648.594056292,297.5238105791553,301.89754371425875,293.65469423669026,0.007517397641483766,0.2902892204454835,0.3131207813713962,23,Bangladesh,61363,Rangpur,5809,Kurigram,NO,3000,Member State,1000,0.20028221978,3.49094335134,5.352157794711642,3.5983682902707725,4733058.276294661,3.40639020656734,4.8952385094276405,3.7926661151773677,0.014177088391562266,0.115312345322094,0.0796705170733403,23,Bangladesh,61363,Rangpur,5809,Kurigram,NO,3000,Member State,1000,0.20028221978,3.49094335134,15.666057488340142,8.893579905107165,-7.07084054097352e-07,-0.21579945060537722,15.713549821813794,8.885037856477755,-998.3412655783097,-23.934970474461075,91.34057840723992,23,Bangladesh,61363,Rangpur,5809,Kurigram,NO,3000,Member State,1000,0.20028221978,3.49094335134,0.00011977370664457698,0.00011977370664457698,0.0013348557133052142,0.009391933842016132,0.021680727019417815,0.13035116303259184,0.15774242947715947,0.3346955029034807,0.4002321735359183,0.4140146870724824
Lalmonirhat,23,Bangladesh,61363,Rangpur,5810,Lalmonirhat,NO,3000,Member State,1000,0.111506508974,3.15586812221,292.4005558417111,298.51368599560305,15243804.920488453,297.3640388856235,301.9996182443686,293.2100423765276,0.007784294107194865,0.30007776326883984,0.3102549275122477,23,Bangladesh,61363,Rangpur,5810,Lalmonirhat,NO,3000,Member State,1000,0.111506508974,3.15586812221,5.831402996643221,3.5957288097101565,4785284.5966579765,3.435317122076561,5.066221681327724,3.836304805001744,0.014506857140451135,0.1111233663044302,0.08690633724887598,23,Bangladesh,61363,Rangpur,5810,Lalmonirhat,NO,3000,Member State,1000,0.111506508974,3.15586812221,13.788555838876208,6.529562335623397,4.6384997086488995e-07,-2.5635022108731644,12.860715761914943,5.873806554503339,-1005.8408765981194,15.93488658374942,-32.567662007954404,23,Bangladesh,61363,Rangpur,5810,Lalmonirhat,NO,3000,Member State,1000,0.111506508974,3.15586812221,0.0001310205081986367,0.0001310205081986367,0.0011685628175468578,0.010390737258313586,0.022466940563587924,0.14832805769482574,0.17661734162155399,0.3316895991789143,0.41124342586326135,0.42117206830346204
Nilphamari,23,Bangladesh,61363,Rangpur,5814,Nilphamari,NO,3000,Member State,1000,0.148230663203,2.64517267401,292.1719273868297,298.60813057649256,15342655.848770687,297.33614551395823,302.0770027421309,293.0558059631628,0.006967952296098892,0.29326567928880287,0.30399955441474746,23,Bangladesh,61363,Rangpur,5814,Nilphamari,NO,3000,Member State,1000,0.148230663203,2.64517267401,5.982676212907929,3.634648918394856,4809550.572091938,3.517622823465636,5.154878556235041,3.9107143497854584,0.013202540885551462,0.1128708500713502,0.08826084113108396,23,Bangladesh,61363,Rangpur,5814,Nilphamari,NO,3000,Member State,1000,0.148230663203,2.64517267401,13.435551647140182,5.191588226886776,-2.7359363189504256e-07,-2.9448421940990466,11.884709797461618,4.298919713160554,-428.05647093797745,47.22021088657577,0.1620035479214235,23,Bangladesh,61363,Rangpur,5814,Nilphamari,NO,3000,Member State,1000,0.148230663203,2.64517267401,0.00016131145053440232,0.00016131145053440232,0.0006963749916877236,0.00948560452127596,0.020074175587974707,0.14468834176998055,0.16700783013056944,0.3154070279835723,0.4090501654915585,0.41992067936214306
Panchagarh,23,Bangladesh,61363,Rangpur,5816,Panchagarh,NO,3000,Member State,1000,0.124997780337,3.15008273432,291.8390953442381,298.25778410539044,15350342.927177563,297.1187041645133,301.84207566161814,292.810517162063,0.0074505235213848464,0.28844188903382,0.2999680024045937,23,Bangladesh,61363,Rangpur,5816,Panchagarh,NO,3000,Member State,1000,0.124997780337,3.15008273432,6.0583843831686135,3.7350638981551705,4838119.781138142,3.597541569657962,5.172634874593203,3.960227980271793,0.014698621191088333,0.1151696035695792,0.08993899877977432,23,Bangladesh,61363,Rangpur,5816,Panchagarh,NO,3000,Member State,1000,0.124997780337,3.15008273432,13.390661633103866,2.8856983487827215,-3.1363682770876456e-06,-3.4384774440672583,9.640566316843849,2.6759842699978447,444.6693731747647,88.70139820316929,121.75788613815426,23,Bangladesh,61363,Rangpur,5816,Panchagarh,NO,3000,Member State,1000,0.124997780337,3.15008273432,0.00014409429512940984,0.00014409429512940984,0.0008848282692475577,0.009946928299821814,0.021380261685897916,0.13964660955995173,0.16132857823925306,0.3022752455623545,0.4098606353367213,0.4210440405104218
Rangpur,23,Bangladesh,61363,Rangpur,5818,Rangpur,NO,3000,Member State,1000,0.207608963446,3.60474739852,292.606456319132,298.7565252481939,15536874.397479791,297.5567190063003,302.2549097611819,293.34172429617564,0.006485995072791498,0.2935056538692714,0.30562667118938147,23,Bangladesh,61363,Rangpur,5818,Rangpur,NO,3000,Member State,1000,0.207608963446,3.60474739852,5.785996581877779,3.6150870847607712,4791047.873422326,3.516917647750443,5.12915565249733,3.915448658132381,0.012553725268556611,0.11251793837837751,0.08655189691996151,23,Bangladesh,61363,Rangpur,5818,Rangpur,NO,3000,Member State,1000,0.207608963446,3.60474739852,13.45198591195896,7.355588581323313,2.264623630926283e-07,-2.4193456930948525,14.714499238773287,7.210905243232422,-1295.5072156438594,47.58687749794347,91.86009103702942,23,Bangladesh,61363,Rangpur,5818,Rangpur,NO,3000,Member State,1000,0.207608963446,3.60474739852,0.0001699281913102006,0.0001699281913102006,0.0007023352737918151,0.008205867330254815,0.0189583136959381,0.14302883107295158,0.16620327897403464,0.3246314824523609,0.405899232046443,0.41923086185784936
Thakurgaon,23,Bangladesh,61363,Rangpur,5820,Thakurgaon,NO,3000,Member State,1000,0.162117661987,2.82132310259,291.91129254421367,298.7477886942306,15837056.34554637,297.45437207013066,302.27114446207963,293.0640470068782,0.006048815339688427,0.2832003892022144,0.2943830291417157,23,Bangladesh,61363,Rangpur,5820,Thakurgaon,NO,3000,Member State,1000,0.162117661987,2.82132310259,6.174283889411559,3.8512350704395186,4820566.538223744,3.7664284422785994,5.2371431567509585,4.100453986513606,0.011972900394037908,0.11414104344505721,0.08968645607418468,23,Bangladesh,61363,Rangpur,5820,Thakurgaon,NO,3000,Member State,1000,0.162117661987,2.82132310259,12.383877947053067,3.7265904919784307,-2.5570266356925083e-06,-3.1672435212938694,11.812789144594515,3.712369616894058,1205.5993770352563,101.34780242843266,108.71789991252848,23,Bangladesh,61363,Rangpur,5820,Thakurgaon,NO,3000,Member State,1000,0.162117661987,2.82132310259,0.00011759728009567561,0.00011759728009567561,0.00020732545528681306,0.007915320106223723,0.017913203559389006,0.14063455995206234,0.15673100660650907,0.2890535246683304,0.4050367329094614,0.4193179039993989
Barguna,23,Bangladesh,575,Barisal,5761,Barguna,NO,3000,Member State,1000,0.124863235533,3.4453134855,294.72561527132876,300.0942056896807,14509247.224702261,298.85486213215637,302.4027865658232,295.7730746600056,0.0055365832543092615,0.3306666073312442,0.3777105946980243,23,Bangladesh,575,Barisal,5761,Barguna,NO,3000,Member State,1000,0.124863235533,3.4453134855,4.786774422674761,3.378315717629711,4045575.0996275092,2.7991950882014325,4.537792152755599,3.38971961936564,0.010530573308819131,0.11359509297840872,0.06955758892522422,23,Bangladesh,575,Barisal,5761,Barguna,NO,3000,Member State,1000,0.124863235533,3.4453134855,10.725973733974365,13.437938104055402,5.216573553078012e-06,12.70268528607717,14.050882587617696,16.945444725066903,-2694.777470824525,-230.6543326955697,-356.9109283662619,23,Bangladesh,575,Barisal,5761,Barguna,NO,3000,Member State,1000,0.124863235533,3.4453134855,0.00010794506032792343,0.00010794506032792343,0.00010794506032792343,0.0075116100965493746,0.016384023594069826,0.1823703318099478,0.20102299279796798,0.352350159943764,0.44513598895108575,0.45983784542831957
